{"root_group":{"name":"","path":"","id":"d41d8cd98f00b204e9800998ecf8427e","groups":[],"checks":[{"id":"4c1b728b75ad28fdd535b444f2dc1ff0","passes":5,"fails":0,"name":"is status code 200: ","path":"::is status code 200: "}]},"options":{"summaryTrendStats":["avg","min","med","max","p(90)","p(95)"],"summaryTimeUnit":"","noColor":false},"state":{"testRunDurationMs":7765.6603,"isStdOutTTY":true,"isStdErrTTY":true},"metrics":{"http_req_sending":{"type":"trend","contains":"time","values":{"p(90)":0.8772000000000008,"p(95)":1.5350999999999986,"avg":0.3132857142857143,"min":0,"med":0,"max":2.193}},"http_req_receiving":{"type":"trend","contains":"time","values":{"min":0,"med":0,"max":2.0224,"p(90)":0.8089600000000008,"p(95)":1.4156799999999987,"avg":0.28891428571428573}},"http_req_tls_handshaking":{"type":"trend","contains":"time","values":{"p(95)":0,"avg":0,"min":0,"med":0,"max":0,"p(90)":0}},"vus_max":{"contains":"default","values":{"min":40,"max":40,"value":40},"type":"gauge"},"http_req_waiting":{"type":"trend","contains":"time","values":{"avg":354.09024285714287,"min":159.7167,"med":163.3664,"max":1501.1213,"p(90)":701.0757200000005,"p(95)":1101.098509999999}},"iteration_duration":{"type":"trend","contains":"time","values":{"avg":1446.8606599999998,"min":1163.1947,"med":1172.1315,"max":2554.4423,"p(90)":2004.1937000000003,"p(95)":2279.318}},"data_received":{"type":"counter","contains":"data","values":{"count":4018,"rate":517.406098744752}},"http_req_duration":{"type":"trend","contains":"time","values":{"avg":354.69244285714285,"min":159.7167,"med":163.3664,"max":1505.3367,"p(90)":702.7618800000005,"p(95)":1104.049289999999},"thresholds":{"p(95)<5500":{"ok":true}}},"vus":{"type":"gauge","contains":"default","values":{"value":2,"min":1,"max":2}},"http_req_duration{expected_response:true}":{"type":"trend","contains":"time","values":{"p(90)":702.7618800000005,"p(95)":1104.049289999999,"avg":354.69244285714285,"min":159.7167,"med":163.3664,"max":1505.3367}},"http_req_blocked":{"type":"trend","contains":"time","values":{"p(95)":17.449889999999982,"avg":3.626042857142857,"min":0,"med":0,"max":24.6333,"p(90)":10.266480000000007}},"checks":{"type":"rate","contains":"default","values":{"rate":1,"passes":5,"fails":0}},"http_req_connecting":{"type":"trend","contains":"time","values":{"avg":0.32825714285714286,"min":0,"med":0,"max":1.6092,"p(90)":1.0568400000000002,"p(95)":1.3330199999999994}},"http_req_failed":{"contains":"default","values":{"rate":0,"passes":0,"fails":7},"thresholds":{"rate<0.31":{"ok":true}},"type":"rate"},"http_reqs":{"type":"counter","contains":"default","values":{"count":7,"rate":0.9014043532138535}},"iterations":{"type":"counter","contains":"default","values":{"count":5,"rate":0.6438602522956096}},"data_sent":{"type":"counter","contains":"data","values":{"count":2205,"rate":283.94237126236385}}}}